image_id,PredictionString
img_000860,truck 0.85 469 289 43 61
img_000861,truck 0.90 547 296 56 27
img_000862,van 0.87 422 229 51 60 truck 0.82 375 289 102 44
img_000863,truck 0.98 476 262 74 53
img_000864,van 0.95 497 269 45 58
img_000865,car 0.89 455 218 56 52 van 0.75 595 63 37 66
img_000866,car 0.90 632 339 49 59 van 0.83 430 228 69 56
img_000867,car 0.86 458 257 36 45 van 0.51 854 378 64 22
img_000868,van 0.94 513 249 54 51
img_000869,car 0.83 452 265 62 67
img_000870,bus 0.73 449 295 55 39
img_000871,car 0.92 358 237 78 50
img_000872,bus 0.93 419 180 40 54
img_000873,car 0.79 467 217 39 66
img_000874,bus 0.97 353 222 87 67
img_000875,truck 0.88 515 257 69 26
img_000876,van 0.86 446 267 85 60
img_000877,truck 0.89 537 291 61 47 bus 0.90 342 169 51 70
img_000878,bus 0.87 536 299 60 50
img_000879,truck 0.84 412 295 36 43
img_000880,van 0.74 439 197 63 56 truck 0.89 296 62 101 66
img_000881,truck 0.87 426 231 67 54
img_000882,van 0.94 397 241 85 55
img_000883,truck 0.78 407 212 90 38
img_000884,van 0.97 369 229 94 32
img_000885,car 0.84 403 286 100 51
img_000886,car 0.83 890 401 67 64 van 0.78 449 254 72 39
img_000887,car 0.94 431 258 63 28 bus 0.81 89 38 85 61
img_000888,van 0.78 415 184 89 58
img_000889,car 0.84 426 274 39 48
img_000890,bus 0.83 522 250 104 25
img_000891,car 0.95 420 238 59 27
img_000892,bus 0.97 379 261 89 40 car 0.78 518 262 64 65
img_000893,car 0.90 338 249 55 39
img_000894,bus 0.97 459 241 57 62
img_000895,truck 0.77 479 319 39 43 bus 0.93 146 324 67 30
img_000896,truck 0.72 768 23 41 46 bus 0.90 428 220 89 55
img_000897,truck 0.83 341 180 102 65 bus 0.78 134 199 70 44
img_000898,none
img_000899,truck 0.90 480 195 59 55
